{
  "__type__": "scene",
  "camera": {
    "__type__": "camera",
    "fov": 45.0,
    "position": [ 0, 2, 2 ],
    "up": [ 0, 0, 1 ],
    "target": [ 0, 0, 0 ]
  },
  "objects": [
    {
      "__type__": "mesh",
      "file_path": "plane.obj",
      "materials": [ "white_glossy_mirror", "gray_lambert"]
    },
    {
      "__type__": "sphere",
      "radius": 0.2,
      "position": [ 0, 0, 0.5 ],
      "materials": [ "green_lambert", "white_bph_100" ]
    },
    {
      "__type__": "sphere",
      "radius": 0.15,
      "position": [ 0.5, 0.5, 0.4 ],
      "materials": [ "red_lambert" ]
    },
    {
      "__type__": "sphere",
      "radius": 0.15,
      "position": [ -0.5, -0.5, 0.4 ],
      "materials": [ "blue_lambert", "white_bph_1000" ]
    }
  ],
  "lights": [
    {
      "__type__": "directional_light",
      "direction": [ 0, 0, -1 ],
      "color": [ 0.5, 0.5, 0.5 ]
    },
    {
      "__type__": "ambient_light",
      "color": [ 0.2, 0.2, 0.2 ]
    }
  ],
  "params": {
    "background_color": [ 0.1, 0.1, 0.1 ]
  }
}