{
  "__type__": "scene",
  "camera": {
    "__type__": "lens_camera",
    "fov": 45.0,
    "position": [ 0, 0.5, 1.0 ],
    "up": [ 0, 1, 0 ],
    "target": [ 0, 0, 0 ],
    "focal_distance": 1.8,
    "lens_size": 0.04
  },
  "objects": [
    {
      "__type__": "sphere",
      "radius": 10,
      "position": [ 0, -10.0, 0.0 ],
      "materials": [ "white_lambert" ]
    },
    {
      "__type__": "sphere",
      "radius": 0.05,
      "position": [ 0, 0.05, 0.0 ],
      "materials": [ "green_lambert", "white_bph_100" ]
    },
    {
      "__type__": "sphere",
      "radius": 0.05,
      "position": [ 0.0, 0.05, 0.5 ],
      "materials": [ "red_lambert", "white_bph_100" ]
    },
    {
      "__type__": "sphere",
      "radius": 0.05,
      "position": [ 0.0, 0.05, -0.8 ],
      "materials": [ "yellow_lambert", "white_bph_100" ]
    }
  ],
  "lights": [
    {
      "__type__": "point_light",
      "position": [ 0, 2, 0 ],
      "color": [ 0.5, 0.5, 0.5 ]
    },
    {
      "__type__": "ambient_light",
      "color": [ 0.2, 0.2, 0.2 ]
    }
  ],
  "params": {
    "background_color": [ 0.1, 0.1, 0.1 ]
  }
}