{
    "__type__": "scene",
    "camera": {
        "__type__": "camera",
        "fov": 45.0,
        "position": [0,0,10],
        "up": [0,1,0],
        "target": [0,0,0]
    },
    "objects": [
        {
            "__type__": "sphere",
            "radius": 1,
            "position": [0,0,0],
            "materials": ["red_lambert", "white_bph_100"]
        }
    ],
    "lights": [
	   {
          "__type__": "directional_light",
          "direction": [0, -10, -20],
          "color": [0.5, 0.5, 0.5]
        },
        {
          "__type__": "ambient_light",
          "color": [0.2, 0.2, 0.2]
        }
    ],
    "params": {
        "background_color": [0.4,0.4,0.4]
    }
}