{
  "__type__": "resources",
  "materials": [
        {
            "__type__": "brdf_material",
            "name": "red_lambert",
            "color": [1,0,0],
            "brdfParams": {},
            "brdf": "lambert",
            "use_for_ambient": true
        },
        {
            "__type__": "brdf_material",
            "name": "blue_lambert",
            "color": [0,0,1],
            "brdfParams": {},
            "brdf": "lambert",
            "use_for_ambient": true
        },
        {
            "__type__": "brdf_material",
            "name": "green_lambert",
            "color": [0,1,0],
            "brdfParams":{},
            "brdf": "lambert",
            "use_for_ambient": true
        },
        {
            "__type__": "brdf_material",
            "name": "yellow_lambert",
            "color": [1,1,0],
            "brdfParams":{},
            "brdf": "lambert",
            "use_for_ambient": true
        },
        {
            "__type__": "brdf_material",
            "name": "copper_lambert",
            "color": [0.8,0.45,0.2],
            "brdfParams":{},
            "brdf": "lambert",
            "use_for_ambient": true
        },
        {
            "__type__": "brdf_material",
            "name": "white_lambert",
            "color": [1,1,1],
            "brdfParams":{},
            "brdf": "lambert",
            "use_for_ambient": true
        },
        {
            "__type__": "brdf_material",
            "name": "gray_lambert",
            "color": [0.2,0.2,0.2],
            "brdfParams":{},
            "brdf": "lambert",
            "use_for_ambient": true
        },
        {
            "__type__": "brdf_material",
            "name" : "white_bph_10",
            "color": [1,1,1],
            "brdfParams":
            {
              "shininess": 10
            },
            "brdf": "blinnPhong"
        },
        {
            "__type__": "brdf_material",
            "name" : "white_bph_100",
            "color": [1,1,1],
            "brdfParams":
            {
              "shininess": 100
            },
            "brdf": "blinnPhong"
        },
        {
            "__type__": "brdf_material",
            "name" : "white_bph_1000",
            "color": [1,1,1],
            "brdfParams":
            {
              "shininess": 1000
            },
            "brdf": "blinnPhong"
        },
        {
            "__type__": "brdf_material",
            "name" : "copper_bph_100",
            "color": [0.8,0.45,0.2],
            "brdfParams":
            {
              "shininess": 100
            },
            "brdf": "blinnPhong"
        },
		{
            "__type__": "brdf_material",
            "name" : "blue_bph_1000",
            "color": [0,0,1],
            "brdfParams":
            {
              "shininess": 1000
            },
            "brdf": "blinnPhong"
        }
    ]
}