{
  "__type__": "scene",
  "camera": {
    "__type__": "camera",
    "fov": 45.0,
    "position": [ 0, 0, 4 ],
    "up": [ 0, 1, 0 ],
    "target": [ 0, 0, 0 ]
  },
  "objects": [
    {
      "__type__": "mesh",
      "file_path": "box_back.obj",
      "materials": [ "white_lambert"]
    },
    {
      "__type__": "mesh",
      "file_path": "box_right.obj",
      "materials": [ "green_lambert"]
    },
    {
      "__type__": "mesh",
      "file_path": "box_left.obj",
      "materials": [ "red_lambert" ]
    },
    {
      "__type__": "mesh",
      "file_path": "box_top.obj",
      "materials": [ "white_lambert" ]
    },
    {
      "__type__": "mesh",
      "file_path": "box_bottom.obj",
      "materials": [ "white_lambert" ]
    },
    {
      "__type__": "sphere",
      "radius": 0.4,
      "position": [ 0.5, -0.55, 0.6 ],
      "materials": [ "yellow_lambert" ]
    },
    {
      "__type__": "sphere",
      "radius": 0.4,
      "position": [ -0.5, -0.55, 0.4 ],
      "materials": [ "blue_lambert", "white_bph_1000"]
    }
  ],
  "lights": [
    {
      "__type__": "point_light",
      "position": [ 0.0, 0.9, 0.5 ],
      "color": [ 0.5, 0.5, 0.5 ]
    },
    {
      "__type__": "ambient_light",
      "color": [ 0.2, 0.2, 0.2 ]
    }
  ],
  "params": {
    "background_color": [ 0.0, 0.0, 0.0 ]
  }
}