{
  "__type__": "scene",
  "camera": {
    "__type__": "camera",
    "fov": 45.0,
    "position": [ 0, 2, 3 ],
    "up": [ 0, 1, 0 ],
    "target": [ 0, 0, 0 ]
  },
  "objects": [
    {
      "__type__": "mesh",
      "file_path": "squircle.obj",
      "materials": [ "red_lambert", "white_bph_100" ]
    },
    {
      "__type__": "mesh",
      "file_path": "back_mirror_sq.obj",
      "materials": [ "white_mirror", "gray_lambert" ]
    },
    {
      "__type__": "mesh",
      "file_path": "floor_sq.obj",
      "materials": [ "white_lambert" ]
    }
  ],
  "lights": [
    {
      "__type__": "directional_light",
      "direction": [ 0, -1, 0 ],
      "color": [ 0.7, 0.7, 0.7 ]
    },
	{
      "__type__": "directional_light",
      "direction": [ 0, -2, -3 ],
      "color": [ 0.4, 0.4, 0.4 ]
    },
    {
      "__type__": "ambient_light",
      "color": [ 0.2, 0.2, 0.2 ]
    }
  ],
  "params": {
    "background_color": [ 0.1, 0.1, 0.1 ]
  }
}