{
    "__type__": "scene",
    "camera": {
        "__type__": "camera",
        "fov": 45.0,
        "position": [0,5,10],
        "up": [0,1,0],
        "target": [0,0,0]
    },
    "objects": [
        {
            "__type__": "mesh",
			"file_path": "sphere.obj",
            "materials": ["red_lambert", "white_bph_100"]
        }
    ],
    "lights": [
	   {
          "__type__": "point_light",
          "position": [0, 10, 20],
          "color": [0.5, 0.5, 0.5]
        },
        {
          "__type__": "ambient_light",
          "color": [0.2, 0.2, 0.2]
        }
    ],
    "params": {
        "background_color": [0.4,0.4,0.4]
    }
}