{
    "__type__": "scene",
    "camera": {
        "__type__": "camera",
        "fov": 45.0,
        "position": [3,3,3],
        "up": [0,1,0],
        "target": [0.5,0.5,-0.5]
    },
    "objects": [
        {
            "__type__": "sphere",
            "radius": 1,
            "position": [0,0,0],
            "materials": ["green_lambert", "white_bph_100"]
        },
        {
            "__type__": "sphere",
            "radius": 0.5,
            "position": [1.2,1.85,0],
            "materials": ["blue_lambert", "blue_bph_1000"]
        },
        {
            "__type__": "sphere",
            "radius": 0.3,
            "position": [-1.5,0,0],
            "materials": ["yellow_lambert"]
        }
    ],
    "lights": [
		{
          "__type__": "point_light",
          "position": [0, 1.2, 2],
          "color": [0.5, 0.5, 0.5]
        },
		{
          "__type__": "point_light",
          "position": [10, 20, 20],
          "color": [0.1, 0.1, 0.1]
        },
		{
          "__type__": "directional_light",
          "direction": [0, -20, 0],
          "color": [0.4, 0.4, 0.4]
        },
        {
          "__type__": "ambient_light",
          "color": [0.2, 0.2, 0.2]
        }
    ],
    "params": {
        "background_color": [0,0,0],
		"enable_shadows": false
    }
}