{
  "__type__": "scene",
  "camera": {
    "__type__": "camera",
    "fov": 45.0,
    "position": [ 0, 0.5, 1 ],
    "up": [ 0, 1, 0 ],
    "target": [ 0, 0, 0 ]
  },
  "objects": [
    {
      "__type__": "sphere",
      "radius": 10,
      "position": [ 0, -10.0, 0.0 ],
      "materials": [ "white_lambert" ]
    },
    {
      "__type__": "sphere",
      "radius": 0.3,
      "position": [ 0, 0.35, 0.0 ],
      "materials": [ "green_lambert", "white_bph_100" ]
    }
  ],
  "lights": [
    {
      "__type__": "area_light",
      "position": [ 0, 20, 0 ],
      "color": [ 0.5, 0.5, 0.5 ],
      "sizeA": 2,
      "sizeB": 2,
      "directionA": [ 1.0, 0.0, 0.0 ],
      "directionB": [ 0.0, 0.0, 1.0 ]
    },
    {
      "__type__": "ambient_light",
      "color": [ 0.2, 0.2, 0.2 ]
    }
  ],
  "params": {
    "background_color": [ 0.1, 0.1, 0.1 ]
  }
}