{
    "__type__": "scene",
    "camera": {
        "__type__": "camera",
        "fov": 45.0,
        "position": [0,0,10],
        "up": [0,1,0],
        "target": [0,0,0]
    },
    "objects": [
        {
            "__type__": "sphere",
            "radius": 1,
            "position": [0,0,0],
            "materials": ["red_lambert"]
        }
    ],
    "lights": [
	   {
          "__type__": "spot_light",
          "position": [0, 2, 2],
          "direction": [0, -1, -1],
          "angle": 30,
          "color": [0.5, 0.5, 0.5]
        }
    ],
    "params": {
        "background_color": [0.4,0.4,0.4]
    }
}