{
    "__type__": "scene",
    "camera": {
        "__type__": "camera",
        "fov": 45.0,
        "position": [0,20,20],
        "up": [0,1,0],
        "target": [0,0,0]
    },
    "objects": [
        {
            "__type__": "mesh",
			"file_path": "torus.obj",
            "materials": ["white_mirror", "yellow_lambert"],
			"compute_vertex_normals": true
        },
		{
		  "__type__": "mesh",
		  "file_path": "large_plane.obj",
		  "materials": [ "white_lambert" ]
		},
		{
		  "__type__": "sphere",
		  "position": [0, 7, 0],
		  "radius": 1,
		  "materials": [ "red_lambert" ]
		},
		{
		  "__type__": "sphere",
		  "position": [5, 7, 0],
		  "radius": 1,
		  "materials": [ "blue_lambert" ]
		},
		{
		  "__type__": "sphere",
		  "position": [-5, 7, 0],
		  "radius": 1,
		  "materials": [ "green_lambert" ]
		}
    ],
    "lights": [
		{
          "__type__": "directional_light",
          "direction": [0, -1, 0],
          "color": [0.3, 0.3, 0.3]
        },
        {
          "__type__": "ambient_light",
          "color": [0.2, 0.2, 0.2]
        }
    ],
    "params": {
        "background_color": [0.4,0.4,0.4]
    }
}